1912,Rat 
1913,Ox
1914,Tiger
1915,Rabbit
1916,Dragon
1917,Snake
1918,Horse
1919,Goat
1920,Monkey
1921,Rooster
1922,Dog
1923,Pig
1924,Rat 
1925,Ox
1926,Tiger
1927,Rabbit
1928,Dragon
1929,Snake
1930,Horse
1931,Goat
1932,Monkey
1933,Rooster
1934,Dog
1935,Pig
1936,Rat 
1937,Ox
1938,Tiger
1939,Rabbit
1940,Dragon
1941,Snake
1942,Horse
1943,Goat
1944,Monkey
1945,Rooster
1946,Dog
1947,Pig
1948,Rat 
1949,Ox
1950,Tiger
1951,Rabbit
1952,Dragon
1953,Snake
1954,Horse
1955,Goat
1956,Monkey
1957,Rooster
1958,Dog
1959,Pig
1960,Rat 
1961,Ox
1962,Tiger
1963,Rabbit
1964,Dragon
1965,Snake
1966,Horse
1967,Goat
1968,Monkey
1969,Rooster
1970,Dog
1971,Pig
1972,Rat 
1973,Ox
1974,Tiger
1975,Rabbit
1976,Dragon
1977,Snake
1978,Horse
1979,Goat
1980,Monkey
1981,Rooster
1982,Dog
1983,Pig
1984,Rat 
1985,Ox
1986,Tiger
1987,Rabbit
1988,Dragon
1989,Snake
1990,Horse
1991,Goat
1992,Monkey
1993,Rooster
1994,Dog
1995,Pig
1996,Rat 
1997,Ox
1998,Tiger
1999,Rabbit
2000,Dragon
2001,Snake
2002,Horse
2003,Goat
2004,Monkey
2005,Rooster
2006,Dog
2007,Pig
2008,Rat 
2009,Ox
2010,Tiger
2011,Rabbit
2012,Dragon
2013,Snake
2014,Horse
2015,Goat
2016,Monkey
2017,Rooster
